-- MySQL Script generated by MySQL Workbench
-- Tue Mar 12 18:48:46 2019
-- Model: New Model    Version: 1.0
-- MySQL Workbench Forward Engineering

SET @OLD_UNIQUE_CHECKS=@@UNIQUE_CHECKS, UNIQUE_CHECKS=0;
SET @OLD_FOREIGN_KEY_CHECKS=@@FOREIGN_KEY_CHECKS, FOREIGN_KEY_CHECKS=0;
SET @OLD_SQL_MODE=@@SQL_MODE, SQL_MODE='ONLY_FULL_GROUP_BY,STRICT_TRANS_TABLES,NO_ZERO_IN_DATE,NO_ZERO_DATE,ERROR_FOR_DIVISION_BY_ZERO,NO_ENGINE_SUBSTITUTION';

-- -----------------------------------------------------
-- Schema tour_agency
-- -----------------------------------------------------
DROP SCHEMA IF EXISTS `tour_agency` ;

-- -----------------------------------------------------
-- Schema tour_agency
-- -----------------------------------------------------
CREATE SCHEMA IF NOT EXISTS `tour_agency` DEFAULT CHARACTER SET latin1 ;
USE `tour_agency` ;

-- -----------------------------------------------------
-- Table `tour_agency`.`country`
-- -----------------------------------------------------
-- DROP TABLE IF EXISTS `tour_agency`.`country` ;

CREATE TABLE IF NOT EXISTS `tour_agency`.`country` (
  `country_id` INT NOT NULL,
  `name` VARCHAR(45) NOT NULL,
  `area` DOUBLE NOT NULL,
  `population` INT NOT NULL,
  `created_at` DATE NULL,
  `description` MEDIUMTEXT NULL,
  PRIMARY KEY (`country_id`),
  UNIQUE INDEX `country_id_UNIQUE` (`country_id` ASC) )
ENGINE = InnoDB;


-- -----------------------------------------------------
-- Table `tour_agency`.`language`
-- -----------------------------------------------------
-- DROP TABLE IF EXISTS `tour_agency`.`language` ;

CREATE TABLE IF NOT EXISTS `tour_agency`.`language` (
  `language_id` INT NOT NULL,
  `name` VARCHAR(45) NOT NULL,
  PRIMARY KEY (`language_id`),
  UNIQUE INDEX `language_id_UNIQUE` (`language_id` ASC) )
ENGINE = InnoDB;


-- -----------------------------------------------------
-- Table `tour_agency`.`language_has_country`
-- -----------------------------------------------------
-- DROP TABLE IF EXISTS `tour_agency`.`language_has_country` ;

CREATE TABLE IF NOT EXISTS `tour_agency`.`language_has_country` (
  `language_id` INT NOT NULL,
  `country_id` INT NOT NULL,
  `speakers` INT NULL,
  INDEX `fk_language_has_country_country1_idx` (`country_id` ASC) ,
  INDEX `fk_language_has_country_language_idx` (`language_id` ASC) ,
  CONSTRAINT `fk_language_has_country_language`
    FOREIGN KEY (`language_id`)
    REFERENCES `tour_agency`.`language` (`language_id`)
    ON DELETE NO ACTION
    ON UPDATE NO ACTION,
  CONSTRAINT `fk_language_has_country_country1`
    FOREIGN KEY (`country_id`)
    REFERENCES `tour_agency`.`country` (`country_id`)
    ON DELETE NO ACTION
    ON UPDATE NO ACTION)
ENGINE = InnoDB;


-- -----------------------------------------------------
-- Table `tour_agency`.`river`
-- -----------------------------------------------------
-- DROP TABLE IF EXISTS `tour_agency`.`river` ;

CREATE TABLE IF NOT EXISTS `tour_agency`.`river` (
  `river_id` INT NOT NULL,
  `name` VARCHAR(45) NOT NULL,
  `description` MEDIUMTEXT NULL,
  `length` DOUBLE NOT NULL,
  `image` MEDIUMTEXT NULL,
  PRIMARY KEY (`river_id`),
  UNIQUE INDEX `river_id_UNIQUE` (`river_id` ASC) )
ENGINE = InnoDB;


-- -----------------------------------------------------
-- Table `tour_agency`.`country_has_river`
-- -----------------------------------------------------
-- DROP TABLE IF EXISTS `tour_agency`.`country_has_river` ;

CREATE TABLE IF NOT EXISTS `tour_agency`.`country_has_river` (
  `country_id` INT NOT NULL,
  `river_id` INT NOT NULL,
  `length_in_country` DOUBLE NOT NULL,
  INDEX `fk_country_has_river_river1_idx` (`river_id` ASC) ,
  INDEX `fk_country_has_river_country1_idx` (`country_id` ASC) ,
  CONSTRAINT `fk_country_has_river_country1`
    FOREIGN KEY (`country_id`)
    REFERENCES `tour_agency`.`country` (`country_id`)
    ON DELETE NO ACTION
    ON UPDATE NO ACTION,
  CONSTRAINT `fk_country_has_river_river1`
    FOREIGN KEY (`river_id`)
    REFERENCES `tour_agency`.`river` (`river_id`)
    ON DELETE NO ACTION
    ON UPDATE NO ACTION)
ENGINE = InnoDB;


-- -----------------------------------------------------
-- Table `tour_agency`.`lake`
-- -----------------------------------------------------
-- DROP TABLE IF EXISTS `tour_agency`.`lake` ;

CREATE TABLE IF NOT EXISTS `tour_agency`.`lake` (
  `lake_id` INT NOT NULL,
  `name` VARCHAR(45) NOT NULL,
  `area` DOUBLE NOT NULL,
  `description` MEDIUMTEXT NULL,
  `image` MEDIUMTEXT NULL,
  PRIMARY KEY (`lake_id`),
  UNIQUE INDEX `lake_id_UNIQUE` (`lake_id` ASC) )
ENGINE = InnoDB;


-- -----------------------------------------------------
-- Table `tour_agency`.`lake_has_country`
-- -----------------------------------------------------
-- DROP TABLE IF EXISTS `tour_agency`.`lake_has_country` ;

CREATE TABLE IF NOT EXISTS `tour_agency`.`lake_has_country` (
  `lake_id` INT NOT NULL,
  `country_id` INT NOT NULL,
  INDEX `fk_lake_has_country_country1_idx` (`country_id` ASC) ,
  INDEX `fk_lake_has_country_lake1_idx` (`lake_id` ASC) ,
  CONSTRAINT `fk_lake_has_country_lake1`
    FOREIGN KEY (`lake_id`)
    REFERENCES `tour_agency`.`lake` (`lake_id`)
    ON DELETE NO ACTION
    ON UPDATE NO ACTION,
  CONSTRAINT `fk_lake_has_country_country1`
    FOREIGN KEY (`country_id`)
    REFERENCES `tour_agency`.`country` (`country_id`)
    ON DELETE NO ACTION
    ON UPDATE NO ACTION)
ENGINE = InnoDB;


-- -----------------------------------------------------
-- Table `tour_agency`.`city`
-- -----------------------------------------------------
-- DROP TABLE IF EXISTS `tour_agency`.`city` ;

CREATE TABLE IF NOT EXISTS `tour_agency`.`city` (
  `city_id` INT NOT NULL,
  `name` VARCHAR(45) NOT NULL,
  `population` INT NOT NULL,
  `area` DOUBLE NOT NULL,
  `description` MEDIUMTEXT NULL,
  `image` MEDIUMTEXT NULL,
  `country_id` INT NOT NULL,
  `created_at` DATE NULL,
  PRIMARY KEY (`city_id`),
  INDEX `fk_city_country1_idx` (`country_id` ASC) ,
  UNIQUE INDEX `city_id_UNIQUE` (`city_id` ASC) ,
  CONSTRAINT `fk_city_country1`
    FOREIGN KEY (`country_id`)
    REFERENCES `tour_agency`.`country` (`country_id`)
    ON DELETE NO ACTION
    ON UPDATE NO ACTION)
ENGINE = InnoDB;


-- -----------------------------------------------------
-- Table `tour_agency`.`sights`
-- -----------------------------------------------------
-- DROP TABLE IF EXISTS `tour_agency`.`sights` ;

CREATE TABLE IF NOT EXISTS `tour_agency`.`sights` (
  `sights_id` INT NOT NULL,
  `name` VARCHAR(45) NOT NULL,
  `created_at` DATE NULL,
  `image` MEDIUMTEXT NULL,
  `description` MEDIUMTEXT NULL,
  `city_id` INT NOT NULL,
  `address` MEDIUMTEXT NULL,
  PRIMARY KEY (`sights_id`),
  INDEX `fk_sights_city1_idx` (`city_id` ASC) ,
  UNIQUE INDEX `sights_id_UNIQUE` (`sights_id` ASC) ,
  CONSTRAINT `fk_sights_city1`
    FOREIGN KEY (`city_id`)
    REFERENCES `tour_agency`.`city` (`city_id`)
    ON DELETE NO ACTION
    ON UPDATE NO ACTION)
ENGINE = InnoDB;


-- -----------------------------------------------------
-- Table `tour_agency`.`museum`
-- -----------------------------------------------------
-- DROP TABLE IF EXISTS `tour_agency`.`museum` ;

CREATE TABLE IF NOT EXISTS `tour_agency`.`museum` (
  `museum_id` INT NOT NULL,
  `name` VARCHAR(45) NOT NULL,
  `opens_at` TIME NULL,
  `closes_at` TIME NULL,
  `description` MEDIUMTEXT NULL,
  `image` MEDIUMTEXT NULL,
  `city_id` INT NOT NULL,
  `address` MEDIUMTEXT NULL,
  PRIMARY KEY (`museum_id`),
  INDEX `fk_museum_city1_idx` (`city_id` ASC) ,
  UNIQUE INDEX `museum_id_UNIQUE` (`museum_id` ASC) ,
  CONSTRAINT `fk_museum_city1`
    FOREIGN KEY (`city_id`)
    REFERENCES `tour_agency`.`city` (`city_id`)
    ON DELETE NO ACTION
    ON UPDATE NO ACTION)
ENGINE = InnoDB;


-- -----------------------------------------------------
-- Table `tour_agency`.`theatre`
-- -----------------------------------------------------
-- DROP TABLE IF EXISTS `tour_agency`.`theatre` ;

CREATE TABLE IF NOT EXISTS `tour_agency`.`theatre` (
  `theatre_id` INT NOT NULL,
  `name` VARCHAR(45) NOT NULL,
  `description` MEDIUMTEXT NULL,
  `image` MEDIUMTEXT NULL,
  `address` MEDIUMTEXT NULL,
  `opens_at` TIME NULL,
  `closes_at` TIME NULL,
  `city_id` INT NOT NULL,
  `phone` MEDIUMTEXT NULL,
  PRIMARY KEY (`theatre_id`),
  INDEX `fk_theatre_city1_idx` (`city_id` ASC) ,
  UNIQUE INDEX `theatre_id_UNIQUE` (`theatre_id` ASC) ,
  CONSTRAINT `fk_theatre_city1`
    FOREIGN KEY (`city_id`)
    REFERENCES `tour_agency`.`city` (`city_id`)
    ON DELETE NO ACTION
    ON UPDATE NO ACTION)
ENGINE = InnoDB;


-- -----------------------------------------------------
-- Table `tour_agency`.`play`
-- -----------------------------------------------------
-- DROP TABLE IF EXISTS `tour_agency`.`play` ;

CREATE TABLE IF NOT EXISTS `tour_agency`.`play` (
  `play_id` INT NOT NULL,
  `name` VARCHAR(45) NOT NULL,
  `starts_at` DATE NULL,
  `ends_at` DATE NULL,
  `description` MEDIUMTEXT NULL,
  PRIMARY KEY (`play_id`),
  UNIQUE INDEX `play_id_UNIQUE` (`play_id` ASC) )
ENGINE = InnoDB;


-- -----------------------------------------------------
-- Table `tour_agency`.`play_has_language`
-- -----------------------------------------------------
-- DROP TABLE IF EXISTS `tour_agency`.`play_has_language` ;

CREATE TABLE IF NOT EXISTS `tour_agency`.`play_has_language` (
  `language_id` INT NOT NULL,
  `play_id` INT NOT NULL,
  INDEX `fk_theatre_has_language_language1_idx` (`language_id` ASC) ,
  INDEX `fk_play_has_language_play1_idx` (`play_id` ASC) ,
  CONSTRAINT `fk_play_has_language_language1`
    FOREIGN KEY (`language_id`)
    REFERENCES `tour_agency`.`language` (`language_id`)
    ON DELETE NO ACTION
    ON UPDATE NO ACTION,
  CONSTRAINT `fk_play_has_language_play1`
    FOREIGN KEY (`play_id`)
    REFERENCES `tour_agency`.`play` (`play_id`)
    ON DELETE NO ACTION
    ON UPDATE NO ACTION)
ENGINE = InnoDB;


-- -----------------------------------------------------
-- Table `tour_agency`.`restourant`
-- -----------------------------------------------------
-- DROP TABLE IF EXISTS `tour_agency`.`restourant` ;

CREATE TABLE IF NOT EXISTS `tour_agency`.`restourant` (
  `restourant_id` INT NOT NULL,
  `name` VARCHAR(45) NOT NULL,
  `address` MEDIUMTEXT NULL,
  `opens_at` TIME NULL,
  `closes_at` TIME NULL,
  `rate` DOUBLE NULL,
  `city_id` INT NOT NULL,
  `description` MEDIUMTEXT NULL,
  `phone` MEDIUMTEXT NULL,
  PRIMARY KEY (`restourant_id`),
  INDEX `fk_restourant_city1_idx` (`city_id` ASC) ,
  UNIQUE INDEX `restourant_id_UNIQUE` (`restourant_id` ASC) ,
  CONSTRAINT `fk_restourant_city1`
    FOREIGN KEY (`city_id`)
    REFERENCES `tour_agency`.`city` (`city_id`)
    ON DELETE NO ACTION
    ON UPDATE NO ACTION)
ENGINE = InnoDB;


-- -----------------------------------------------------
-- Table `tour_agency`.`hotel`
-- -----------------------------------------------------
-- DROP TABLE IF EXISTS `tour_agency`.`hotel` ;

CREATE TABLE IF NOT EXISTS `tour_agency`.`hotel` (
  `hotel_id` INT NOT NULL,
  `name` VARCHAR(45) NOT NULL,
  `address` MEDIUMTEXT NULL,
  `rate` DOUBLE NULL,
  `description` MEDIUMTEXT NULL,
  `city_id` INT NOT NULL,
  PRIMARY KEY (`hotel_id`),
  INDEX `fk_hotel_city1_idx` (`city_id` ASC) ,
  UNIQUE INDEX `hotel_id_UNIQUE` (`hotel_id` ASC) ,
  CONSTRAINT `fk_hotel_city1`
    FOREIGN KEY (`city_id`)
    REFERENCES `tour_agency`.`city` (`city_id`)
    ON DELETE NO ACTION
    ON UPDATE NO ACTION)
ENGINE = InnoDB;


-- -----------------------------------------------------
-- Table `tour_agency`.`distance_between_cities`
-- -----------------------------------------------------
-- DROP TABLE IF EXISTS `tour_agency`.`distance_between_cities` ;

CREATE TABLE IF NOT EXISTS `tour_agency`.`distance_between_cities` (
  `city_city_id` INT NOT NULL,
  `city_city_id1` INT NOT NULL,
  `distance` DOUBLE NOT NULL,
  INDEX `fk_city_has_city_city2_idx` (`city_city_id1` ASC) ,
  INDEX `fk_city_has_city_city1_idx` (`city_city_id` ASC) ,
  CONSTRAINT `fk_city_has_city_city1`
    FOREIGN KEY (`city_city_id`)
    REFERENCES `tour_agency`.`city` (`city_id`)
    ON DELETE NO ACTION
    ON UPDATE NO ACTION,
  CONSTRAINT `fk_city_has_city_city2`
    FOREIGN KEY (`city_city_id1`)
    REFERENCES `tour_agency`.`city` (`city_id`)
    ON DELETE NO ACTION
    ON UPDATE NO ACTION)
ENGINE = InnoDB;


-- -----------------------------------------------------
-- Table `tour_agency`.`play_has_theatre`
-- -----------------------------------------------------
-- DROP TABLE IF EXISTS `tour_agency`.`play_has_theatre` ;

CREATE TABLE IF NOT EXISTS `tour_agency`.`play_has_theatre` (
    `play_id` INT NOT NULL,
    `theatre_id` INT NOT NULL,
    INDEX `fk_play_has_theatre_theatre1_idx` (`theatre_id` ASC),
    INDEX `fk_play_has_theatre_play1_idx` (`play_id` ASC),
    CONSTRAINT `fk_play_has_theatre_play1` FOREIGN KEY (`play_id`)
        REFERENCES `tour_agency`.`play` (`play_id`)
        ON DELETE NO ACTION ON UPDATE NO ACTION,
    CONSTRAINT `fk_play_has_theatre_theatre1` FOREIGN KEY (`theatre_id`)
        REFERENCES `tour_agency`.`theatre` (`theatre_id`)
        ON DELETE NO ACTION ON UPDATE NO ACTION
)  ENGINE=INNODB;


SET SQL_MODE=@OLD_SQL_MODE;
SET FOREIGN_KEY_CHECKS=@OLD_FOREIGN_KEY_CHECKS;
SET UNIQUE_CHECKS=@OLD_UNIQUE_CHECKS;

-- -----------------------------------------------------
-- INSERT STATMENTS FOR country TABLE
-- -----------------------------------------------------
INSERT INTO country(country_id, name, area, population, created_at, description) VALUES (1, 'Russia', 17000000, 155000000, '1991-12-29', 'Very good city');
INSERT INTO country(country_id, name, area, population, created_at, description) VALUES (2, 'France', 643801, 67120000, '1789-07-14', 'Nice country');
INSERT INTO country(country_id, name, area, population, created_at, description) VALUES (3, 'Germany', 357386, 82790000, '1990-10-03', 'Interesting country');
INSERT INTO country(country_id, name, area, population, created_at, description) VALUES (4, 'Canada', 9984670, 36048521, '1867-07-01', 'Wonderful country');

-- -----------------------------------------------------
-- INSERT STATMENTS FOR city TABLE
-- -----------------------------------------------------
INSERT INTO city(city_id, name, population, area, description, image, country_id, created_at) VALUE (1, 'Saint Petersburg', 7000000, 1, 'Very good city','image',1,'1703-01-01');
INSERT INTO city(city_id, name, population, area, description, image, country_id, created_at) VALUE (2, 'Moscow', 11000000, 2511, 'Not bad city','image',1,'1147-01-01');
INSERT INTO city(city_id, name, population, area, description, image, country_id, created_at) VALUE (3, 'Paris', 2200000, 105.4, 'Fine city','image',2,'0000-00-00');
INSERT INTO city(city_id, name, population, area, description, image, country_id, created_at) VALUE (4, 'Berlin', 3611222, 891.12, 'Boring city','image',3,'1244-01-26');

-- -----------------------------------------------------
-- INSERT STATMENTS FOR distance_between_cities TABLE
-- -----------------------------------------------------
INSERT INTO distance_between_cities(city_city_id, city_city_id1, distance) VALUE (1, 2, 713.9);
INSERT INTO distance_between_cities(city_city_id, city_city_id1, distance) VALUE (1, 4, 1736.1);
INSERT INTO distance_between_cities(city_city_id, city_city_id1, distance) VALUE (3, 4, 1053.9);

-- -----------------------------------------------------
-- INSERT STATMENTS FOR lake TABLE
-- -----------------------------------------------------
INSERT INTO lake(lake_id, name, area, description, image) VALUE (1, 'Baikal', 560000, 'The best lake', 'image');
INSERT INTO lake(lake_id, name, area, description, image) VALUE (2, 'Constance', 536, 'Nice lake', 'image');

-- -----------------------------------------------------
-- INSERT STATMENTS FOR lake_has_country TABLE
-- -----------------------------------------------------
INSERT INTO lake_has_country(lake_id, country_id) VALUE (1,1);
INSERT INTO lake_has_country(lake_id, country_id) VALUE (2,3);

-- -----------------------------------------------------
-- INSERT STATMENTS FOR river TABLE
-- -----------------------------------------------------
INSERT INTO river(river_id, name, description, length, image) VALUE (1,'Volga', 'Long river', 3530,'image');
INSERT INTO river(river_id, name, description, length, image) VALUE (2,'Rhine', 'Nice river', 1230,'image');

-- -----------------------------------------------------
-- INSERT STATMENTS FOR country_has_river TABLE
-- -----------------------------------------------------
INSERT INTO country_has_river(country_id, river_id, length_in_country) VALUE (1,1,3530);
INSERT INTO country_has_river(country_id, river_id, length_in_country) VALUE (2,2,188);
INSERT INTO country_has_river(country_id, river_id, length_in_country) VALUE (3,2,653);

-- -----------------------------------------------------
-- INSERT STATMENTS FOR language TABLE
-- -----------------------------------------------------
INSERT INTO language(language_id, name) VALUE (1,'Russian');
INSERT INTO language(language_id, name) VALUE (2,'German');
INSERT INTO language(language_id, name) VALUE (3,'French');
INSERT INTO language(language_id, name) VALUE (4,'English');

-- -----------------------------------------------------
-- INSERT STATMENTS FOR language_has_country TABLE
-- -----------------------------------------------------
INSERT INTO language_has_country(language_id, country_id, speakers) VALUE (1,1,155000000);
INSERT INTO language_has_country(language_id, country_id, speakers) VALUE (2,3,82790000);
INSERT INTO language_has_country(language_id, country_id, speakers) VALUE (3,2,67120000);
INSERT INTO language_has_country(language_id, country_id, speakers) VALUE (4,4,30713340);
INSERT INTO language_has_country(language_id, country_id, speakers) VALUE (3,4,11175041);

-- -----------------------------------------------------
-- INSERT STATMENTS FOR sights TABLE
-- -----------------------------------------------------
INSERT INTO sights(sights_id, name, created_at, image, description, city_id, address) VALUE (1,'Rostral column','1810-01-01', 'image', 'Nice sight', 1, 'address');
INSERT INTO sights(sights_id, name, created_at, image, description, city_id, address) VALUE (2,'Brandenburg Gate','1791-01-01', 'image', 'Nice sight', 4, 'address');
INSERT INTO sights(sights_id, name, created_at, image, description, city_id, address) VALUE (3,'Bronze Horseman','1785-08-13', 'image', 'Nice sight', 1, 'address');
INSERT INTO sights(sights_id, name, created_at, image, description, city_id, address) VALUE (4,'Gendarmenmarkt','1635-04-16', 'image', 'Nice sight', 4, 'address');
INSERT INTO sights(sights_id, name, created_at, image, description, city_id, address) VALUE (5,'Kurfürstendamm','1980-12-05', 'image', 'Nice sight', 4, 'address');
INSERT INTO sights(sights_id, name, created_at, image, description, city_id, address) VALUE (6,'Potsdamer Platz','1989-05-03', 'image', 'Nice sight', 4, 'address');
INSERT INTO sights(sights_id, name, created_at, image, description, city_id, address) VALUE (7,'Eiffel Tower','1905-09-04', 'image', 'Nice sight', 3, 'address');
INSERT INTO sights(sights_id, name, created_at, image, description, city_id, address) VALUE (8,'Jardin des Tuileries','1955-11-17', 'image', 'Nice sight', 3, 'address');
INSERT INTO sights(sights_id, name, created_at, image, description, city_id, address) VALUE (9,'Arc de Triomphe','1820-08-13', 'image', 'Nice sight', 3, 'address');

-- -----------------------------------------------------
-- INSERT STATMENTS FOR museum TABLE
-- -----------------------------------------------------
INSERT INTO museum(museum_id, name, opens_at, closes_at, description, image, city_id, address) VALUE (1,'The Hermitage (The Winter Palace)','10:00:00','18:00:00','Nice museum', 'image', 1, 'address');
INSERT INTO museum(museum_id, name, opens_at, closes_at, description, image, city_id, address) VALUE (2,'St. Isaac''s Cathedral & Colonnade','11:00:00','17:00:00','Nice museum', 'image', 1, 'address');
INSERT INTO museum(museum_id, name, opens_at, closes_at, description, image, city_id, address) VALUE (3,'The Peter & Paul Fortress','09:30:00','17:45:00','Nice museum', 'image', 1, 'address');
INSERT INTO museum(museum_id, name, opens_at, closes_at, description, image, city_id, address) VALUE (4,'Church of Our Saviour on Spilled Blood','10:00:00','18:00:00','Nice museum', 'image', 1, 'address');
INSERT INTO museum(museum_id, name, opens_at, closes_at, description, image, city_id, address) VALUE (5,'State Russian Museum','11:00:00','18:00:00','Nice museum', 'image', 1, 'address');
INSERT INTO museum(museum_id, name, opens_at, closes_at, description, image, city_id, address) VALUE (6,'The Kunstkammer','10:00:00','17:00:00','Nice museum', 'image', 1, 'address');
INSERT INTO museum(museum_id, name, opens_at, closes_at, description, image, city_id, address) VALUE (7,'ST BASIL''S CATHEDRAL','11:00:00','17:00:00','Nice museum', 'image', 2, 'address');
INSERT INTO museum(museum_id, name, opens_at, closes_at, description, image, city_id, address) VALUE (8,'STATE HISTORICAL MUSEUM','09:00:00','21:00:00','Nice museum', 'image', 2, 'address');
INSERT INTO museum(museum_id, name, opens_at, closes_at, description, image, city_id, address) VALUE (9,'TRETYAKOV GALLERY','09:00:00','21:00:00','Nice museum', 'image', 2, 'address');
INSERT INTO museum(museum_id, name, opens_at, closes_at, description, image, city_id, address) VALUE (10,'Paris art museum','09:00:00','21:00:00','Nice museum', 'image', 3, 'address');
INSERT INTO museum(museum_id, name, opens_at, closes_at, description, image, city_id, address) VALUE (11,'Paris scince museum','09:00:00','18:00:00','Nice museum', 'image', 3, 'address');
INSERT INTO museum(museum_id, name, opens_at, closes_at, description, image, city_id, address) VALUE (12,'Paris trains museum','11:00:00','17:00:00','Nice museum', 'image', 3, 'address');
INSERT INTO museum(museum_id, name, opens_at, closes_at, description, image, city_id, address) VALUE (13,'Paris stones museum','12:00:00','13:00:00','Nice museum', 'image', 3, 'address');
INSERT INTO museum(museum_id, name, opens_at, closes_at, description, image, city_id, address) VALUE (14,'Berlin weapon museum','04:00:00','21:00:00','Nice museum', 'image', 4, 'address');
INSERT INTO museum(museum_id, name, opens_at, closes_at, description, image, city_id, address) VALUE (15,'Berlin politic museum','10:00:00','18:00:00','Nice museum', 'image', 4, 'address');

-- -----------------------------------------------------
-- INSERT STATMENTS FOR restourant TABLE
-- -----------------------------------------------------
INSERT INTO restourant(restourant_id, name, address, opens_at, closes_at, rate, city_id, description, phone) VALUE (1,'Saint Petersburg national meal restourant', 'address','04:00:00','21:00:00', 5.0, 1,'Nice restourant', 'phone');
INSERT INTO restourant(restourant_id, name, address, opens_at, closes_at, rate, city_id, description, phone) VALUE (2,'Joe''s food', 'address','12:00:00','16:00:00', 3.0, 1,'Nice restourant', 'phone');
INSERT INTO restourant(restourant_id, name, address, opens_at, closes_at, rate, city_id, description, phone) VALUE (3,'Moscow food', 'address','11:00:00','23:00:00', 4.9, 2,'Nice restourant', 'phone');
INSERT INTO restourant(restourant_id, name, address, opens_at, closes_at, rate, city_id, description, phone) VALUE (4,'Crappy meal', 'address','10:00:00','17:00:00', 3.9, 2,'Nice restourant', 'phone');
INSERT INTO restourant(restourant_id, name, address, opens_at, closes_at, rate, city_id, description, phone) VALUE (5,'Frog''s legs', 'address','16:00:00','23:00:00', 5.0, 3,'Nice restourant', 'phone');
INSERT INTO restourant(restourant_id, name, address, opens_at, closes_at, rate, city_id, description, phone) VALUE (6,'Snail shell', 'address','03:00:00','10:00:00', 2.0, 3,'Nice restourant', 'phone');
INSERT INTO restourant(restourant_id, name, address, opens_at, closes_at, rate, city_id, description, phone) VALUE (7,'Long sausages', 'address','10:00:00','23:00:00', 5.0, 4,'Nice restourant', 'phone');
INSERT INTO restourant(restourant_id, name, address, opens_at, closes_at, rate, city_id, description, phone) VALUE (8,'Strong beer and sauerkraut', 'address','17:00:00','04:00:00', 1.0, 4,'Nice restourant', 'phone');

-- -----------------------------------------------------
-- INSERT STATMENTS FOR hotel TABLE
-- -----------------------------------------------------
INSERT INTO hotel(hotel_id, name, address, rate, description, city_id) VALUE (1,'Only for the Emperor', 'address', 5.0, 'Nice hotel', 1);
INSERT INTO hotel(hotel_id, name, address, rate, description, city_id) VALUE (2,'The best sight on bridges', 'address', 1.0, 'Nice hotel', 1);
INSERT INTO hotel(hotel_id, name, address, rate, description, city_id) VALUE (3,'Near Lenin', 'address', 4.3, 'Nice hotel', 2);
INSERT INTO hotel(hotel_id, name, address, rate, description, city_id) VALUE (4,'It''s Moscow too', 'southern Butovo', 3.3, 'Nice hotel', 2);
INSERT INTO hotel(hotel_id, name, address, rate, description, city_id) VALUE (5,'The best bed in all Paris', 'address', 1.3, 'Nice hotel', 3);
INSERT INTO hotel(hotel_id, name, address, rate, description, city_id) VALUE (6,'Stay if you want', 'address', 4.3, 'Nice hotel', 3);
INSERT INTO hotel(hotel_id, name, address, rate, description, city_id) VALUE (7,'Lebe wenn du kein Araber', 'address', 5.0, 'Nice hotel', 4);
INSERT INTO hotel(hotel_id, name, address, rate, description, city_id) VALUE (8,'Geruhsame Nacht', 'address', 1.0, 'Nice hotel', 4);

-- -----------------------------------------------------
-- INSERT STATMENTS FOR theatre TABLE
-- -----------------------------------------------------
INSERT INTO theatre(theatre_id, name, description, image, address, opens_at, closes_at, city_id, phone) VALUE (1,'Mariinsky theater', 'Nice theatre', 'Image','address','10:00:00','20:00:00', 1, 'phone');
INSERT INTO theatre(theatre_id, name, description, image, address, opens_at, closes_at, city_id, phone) VALUE (2,'Doll theatre', 'Nice theatre', 'Image','address','10:00:00','18:00:00', 1, 'phone');
INSERT INTO theatre(theatre_id, name, description, image, address, opens_at, closes_at, city_id, phone) VALUE (3,'Modern theater', 'Nice theatre', 'Image','address','14:00:00','23:00:00', 1, 'phone');
INSERT INTO theatre(theatre_id, name, description, image, address, opens_at, closes_at, city_id, phone) VALUE (4,'Bolshoi theater', 'Nice theatre', 'Image','address','10:00:00','20:00:00', 2, 'phone');
INSERT INTO theatre(theatre_id, name, description, image, address, opens_at, closes_at, city_id, phone) VALUE (5,'Old theater', 'Nice theatre', 'Image','address','11:00:00','21:00:00', 2, 'phone');
INSERT INTO theatre(theatre_id, name, description, image, address, opens_at, closes_at, city_id, phone) VALUE (6,'Maly Theatre', 'Nice theatre', 'Image','address','09:00:00','22:00:00', 2, 'phone');
INSERT INTO theatre(theatre_id, name, description, image, address, opens_at, closes_at, city_id, phone) VALUE (7,'SALLE GAVEAU', 'Nice theatre', 'Image','address','11:00:00','22:00:00', 3, 'phone');
INSERT INTO theatre(theatre_id, name, description, image, address, opens_at, closes_at, city_id, phone) VALUE (8,'THEATRE MONTPARNASSE', 'Nice theatre', 'Image','address','10:00:00','23:00:00', 3, 'phone');
INSERT INTO theatre(theatre_id, name, description, image, address, opens_at, closes_at, city_id, phone) VALUE (9,'THEATRE RANELAGH', 'Nice theatre', 'Image','address','12:00:00','19:00:00', 3, 'phone');
INSERT INTO theatre(theatre_id, name, description, image, address, opens_at, closes_at, city_id, phone) VALUE (10,'Berliner Ensemble', 'Nice theatre', 'Image','address','11:00:00','20:00:00', 4, 'phone');
INSERT INTO theatre(theatre_id, name, description, image, address, opens_at, closes_at, city_id, phone) VALUE (11,'Berliner Kriminal Theater', 'Nice theatre', 'Image','address','19:00:00','04:00:00', 4, 'phone');
INSERT INTO theatre(theatre_id, name, description, image, address, opens_at, closes_at, city_id, phone) VALUE (12,'Deutsches Theater Berlin', 'Nice theatre', 'Image','address','12:00:00','22:00:00', 4, 'phone');

-- -----------------------------------------------------
-- INSERT STATMENTS FOR play TABLE
-- -----------------------------------------------------
INSERT INTO play(play_id, name, starts_at, ends_at, description) VALUE (1,'Hamlet', '2019-01-14', '2019-04-01','Nice play');
INSERT INTO play(play_id, name, starts_at, ends_at, description) VALUE (2,'Oliver Twist', '2018-11-14', '2019-01-11','Nice play');
INSERT INTO play(play_id, name, starts_at, ends_at, description) VALUE (3,'Swan lake', '2019-01-14', '2019-11-11','Nice play');
INSERT INTO play(play_id, name, starts_at, ends_at, description) VALUE (4,'Cats', '2018-01-14', '2019-01-14','Nice play');
INSERT INTO play(play_id, name, starts_at, ends_at, description) VALUE (5,'At the bottom', '2018-12-30', '2019-10-12','Nice play');
INSERT INTO play(play_id, name, starts_at, ends_at, description) VALUE (6,'Cherry orchard', '2017-10-03', '2018-12-10','Nice play');

-- -----------------------------------------------------
-- INSERT STATMENTS FOR play_has_theatre TABLE
-- -----------------------------------------------------
INSERT INTO play_has_theatre(play_id, theatre_id) VALUE (1,5);
INSERT INTO play_has_theatre(play_id, theatre_id) VALUE (1,12);
INSERT INTO play_has_theatre(play_id, theatre_id) VALUE (1,3);
INSERT INTO play_has_theatre(play_id, theatre_id) VALUE (2,7);
INSERT INTO play_has_theatre(play_id, theatre_id) VALUE (2,6);
INSERT INTO play_has_theatre(play_id, theatre_id) VALUE (2,9);
INSERT INTO play_has_theatre(play_id, theatre_id) VALUE (3,4);
INSERT INTO play_has_theatre(play_id, theatre_id) VALUE (3,1);
INSERT INTO play_has_theatre(play_id, theatre_id) VALUE (3,11);
INSERT INTO play_has_theatre(play_id, theatre_id) VALUE (4,7);
INSERT INTO play_has_theatre(play_id, theatre_id) VALUE (4,2);
INSERT INTO play_has_theatre(play_id, theatre_id) VALUE (4,5);
INSERT INTO play_has_theatre(play_id, theatre_id) VALUE (5,10);
INSERT INTO play_has_theatre(play_id, theatre_id) VALUE (5,3);
INSERT INTO play_has_theatre(play_id, theatre_id) VALUE (5,8);
INSERT INTO play_has_theatre(play_id, theatre_id) VALUE (6,1);
INSERT INTO play_has_theatre(play_id, theatre_id) VALUE (6,3);
INSERT INTO play_has_theatre(play_id, theatre_id) VALUE (6,5);

-- -----------------------------------------------------
-- INSERT STATMENTS FOR play_has_language TABLE
-- -----------------------------------------------------
INSERT INTO play_has_language(language_id, play_id) VALUE (1,1);
INSERT INTO play_has_language(language_id, play_id) VALUE (2,1);
INSERT INTO play_has_language(language_id, play_id) VALUE (4,1);
INSERT INTO play_has_language(language_id, play_id) VALUE (1,2);
INSERT INTO play_has_language(language_id, play_id) VALUE (3,2);
INSERT INTO play_has_language(language_id, play_id) VALUE (4,2);
INSERT INTO play_has_language(language_id, play_id) VALUE (1,3);
INSERT INTO play_has_language(language_id, play_id) VALUE (4,4);
INSERT INTO play_has_language(language_id, play_id) VALUE (1,5);
INSERT INTO play_has_language(language_id, play_id) VALUE (2,5);
INSERT INTO play_has_language(language_id, play_id) VALUE (3,5);
INSERT INTO play_has_language(language_id, play_id) VALUE (1,6);

-- select * from sights;

-- SELECT * FROM country, city WHERE country.country_id = city.country_id;